filename,width,height,class,xmin,ymin,xmax,ymax
WIN_20240115_02_03_11_Pro (2).jpg,1920,1080,0,538,119,1212,776
WIN_20240115_02_03_11_Pro (3).jpg,1920,1080,0,603,135,1169,747
WIN_20240115_02_03_11_Pro.jpg,1920,1080,0,505,32,1289,936
WIN_20240115_02_03_12_Pro (2).jpg,1920,1080,0,663,147,1128,687
WIN_20240115_02_03_12_Pro.jpg,1920,1080,0,618,150,1194,716
WIN_20240115_02_03_13_Pro (2).jpg,1920,1080,0,493,194,1017,757
WIN_20240115_02_03_13_Pro (3).jpg,1920,1080,0,497,137,1090,712
WIN_20240115_02_03_13_Pro.jpg,1920,1080,0,625,161,1152,647
WIN_20240115_02_03_14_Pro (2).jpg,1920,1080,0,554,79,1149,626
WIN_20240115_02_03_14_Pro.jpg,1920,1080,0,527,75,1053,612
WIN_20240115_02_03_15_Pro (2).jpg,1920,1080,0,637,147,1158,647
WIN_20240115_02_03_15_Pro (3).jpg,1920,1080,0,795,225,1269,750
WIN_20240115_02_03_15_Pro.jpg,1920,1080,0,690,161,1185,662
WIN_20240115_02_03_16_Pro (2).jpg,1920,1080,0,448,270,1014,792
WIN_20240115_02_03_16_Pro.jpg,1920,1080,0,772,254,1243,720
WIN_20240115_02_03_17_Pro (2).jpg,1920,1080,0,643,194,1120,662
WIN_20240115_02_03_17_Pro.jpg,1920,1080,0,509,264,1007,786
WIN_20240115_02_03_18_Pro (2).jpg,1920,1080,0,685,226,1227,661
WIN_20240115_02_03_18_Pro.jpg,1920,1080,0,754,220,1228,666
WIN_20240115_02_03_19_Pro (2).jpg,1920,1080,0,665,187,1104,666
WIN_20240115_02_03_19_Pro.jpg,1920,1080,0,667,170,1157,620
WIN_20240115_02_03_20_Pro (2).jpg,1920,1080,0,653,200,1100,736
WIN_20240115_02_03_20_Pro.jpg,1920,1080,0,613,171,1095,722
WIN_20240115_02_03_21_Pro (2).jpg,1920,1080,0,657,182,1114,690
WIN_20240115_02_03_21_Pro.jpg,1920,1080,0,623,186,1099,707
WIN_20240115_02_03_22_Pro (2).jpg,1920,1080,0,657,210,1083,680
WIN_20240115_02_03_22_Pro (3).jpg,1920,1080,0,619,205,1099,712
WIN_20240115_02_03_22_Pro.jpg,1920,1080,0,684,207,1097,677
WIN_20240115_02_03_23_Pro (2).jpg,1920,1080,0,647,226,1089,685
WIN_20240115_02_03_23_Pro.jpg,1920,1080,0,664,222,1089,780
WIN_20240115_02_03_24_Pro (2).jpg,1920,1080,0,620,224,1123,784
WIN_20240115_02_03_24_Pro.jpg,1920,1080,0,630,221,1130,737
WIN_20240115_02_03_25_Pro (2).jpg,1920,1080,0,629,217,1114,812
WIN_20240115_02_03_25_Pro.jpg,1920,1080,0,608,210,1087,774
WIN_20240115_02_03_26_Pro (2).jpg,1920,1080,0,638,229,1105,757
WIN_20240115_02_03_26_Pro (3).jpg,1920,1080,0,653,222,1092,716
WIN_20240115_02_03_26_Pro.jpg,1920,1080,0,663,214,1127,797
WIN_20240115_02_03_27_Pro (2).jpg,1920,1080,0,630,250,1108,772
WIN_20240115_02_03_27_Pro.jpg,1920,1080,0,638,234,1108,751
WIN_20240115_02_03_28_Pro (2).jpg,1920,1080,0,592,206,1109,776
WIN_20240115_02_03_28_Pro (3).jpg,1920,1080,0,639,231,1110,771
WIN_20240115_02_03_28_Pro.jpg,1920,1080,0,659,260,1153,777
WIN_20240115_02_03_29_Pro (2).jpg,1920,1080,0,615,227,1100,737
WIN_20240115_02_03_29_Pro.jpg,1920,1080,0,642,234,1105,756
WIN_20240115_02_03_30_Pro.jpg,1920,1080,0,639,210,1093,762
WIN_20240115_02_03_31_Pro (2).jpg,1920,1080,0,597,216,1135,747
WIN_20240115_02_03_31_Pro (3).jpg,1920,1080,0,633,195,1112,799
WIN_20240115_02_03_31_Pro.jpg,1920,1080,0,610,199,1118,752
WIN_20240115_02_03_32_Pro.jpg,1920,1080,0,630,222,1148,761
WIN_20240115_02_03_33_Pro (2).jpg,1920,1080,0,628,242,1173,851
WIN_20240115_02_03_33_Pro.jpg,1920,1080,0,607,240,1123,794
WIN_20240115_02_03_34_Pro (2).jpg,1920,1080,0,655,256,1112,761
WIN_20240115_02_03_34_Pro.jpg,1920,1080,0,663,249,1100,784
WIN_20240115_02_03_35_Pro (2).jpg,1920,1080,0,644,247,1119,747
WIN_20240115_02_03_35_Pro.jpg,1920,1080,0,663,252,1142,759
WIN_20240115_02_03_36_Pro (2).jpg,1920,1080,0,707,235,1129,712
WIN_20240115_02_03_36_Pro.jpg,1920,1080,0,612,239,1150,800
WIN_20240115_02_03_37_Pro (2).jpg,1920,1080,0,657,51,1279,770
WIN_20240115_02_03_37_Pro.jpg,1920,1080,0,722,126,1252,724
WIN_20240115_02_03_38_Pro (2).jpg,1920,1080,0,435,1,1165,739
WIN_20240115_02_03_38_Pro.jpg,1920,1080,0,527,1,1309,745
WIN_20240115_02_03_39_Pro (2).jpg,1920,1080,0,743,1,1329,584
WIN_20240115_02_03_39_Pro.jpg,1920,1080,0,438,1,1165,741
WIN_20240115_02_03_41_Pro.jpg,1920,1080,0,467,2,1290,799
WIN_20240115_02_03_42_Pro (2).jpg,1920,1080,0,555,71,1268,729
WIN_20240115_02_03_42_Pro.jpg,1920,1080,0,542,59,1318,737
WIN_20240115_02_03_43_Pro (2).jpg,1920,1080,0,578,59,1207,657
WIN_20240115_02_03_43_Pro.jpg,1920,1080,0,645,80,1274,715
WIN_20240115_02_04_54_Pro (2).jpg,1920,1080,1,397,20,1115,971
WIN_20240115_02_04_54_Pro.jpg,1920,1080,1,384,1,1087,982
WIN_20240115_02_04_55_Pro.jpg,1920,1080,1,445,7,1227,959
WIN_20240115_02_04_56_Pro (2).jpg,1920,1080,1,457,129,1194,972
WIN_20240115_02_04_56_Pro.jpg,1920,1080,1,430,75,1177,969
WIN_20240115_02_04_57_Pro (2).jpg,1920,1080,1,512,109,1105,880
WIN_20240115_02_04_57_Pro (3).jpg,1920,1080,1,443,152,1055,862
WIN_20240115_02_04_57_Pro.jpg,1920,1080,1,529,119,1055,859
WIN_20240115_02_04_58_Pro (2).jpg,1920,1080,1,490,142,1043,854
WIN_20240115_02_04_58_Pro.jpg,1920,1080,1,504,164,1012,891
WIN_20240115_02_04_59_Pro (2).jpg,1920,1080,1,568,1,1253,754
WIN_20240115_02_04_59_Pro.jpg,1920,1080,1,529,16,1150,796
WIN_20240115_02_05_00_Pro (2).jpg,1920,1080,1,544,41,1218,941
WIN_20240115_02_05_00_Pro.jpg,1920,1080,1,589,1,1353,862
WIN_20240115_02_05_01_Pro (2).jpg,1920,1080,1,302,92,948,872
WIN_20240115_02_05_01_Pro (3).jpg,1920,1080,1,335,116,934,897
WIN_20240115_02_05_01_Pro.jpg,1920,1080,1,483,84,1199,1030
WIN_20240115_02_05_02_Pro (2).jpg,1920,1080,1,487,181,1029,877
WIN_20240115_02_05_02_Pro.jpg,1920,1080,1,440,149,840,775
WIN_20240115_02_05_03_Pro (2).jpg,1920,1080,1,717,176,1314,881
WIN_20240115_02_05_03_Pro.jpg,1920,1080,1,649,147,1128,870
WIN_20240115_02_05_04_Pro (2).jpg,1920,1080,1,583,192,1090,884
WIN_20240115_02_05_04_Pro (3).jpg,1920,1080,1,594,182,1082,896
WIN_20240115_02_05_04_Pro.jpg,1920,1080,1,657,112,1263,937
WIN_20240115_02_05_05_Pro.jpg,1920,1080,1,542,62,1268,952
WIN_20240115_02_05_06_Pro (2).jpg,1920,1080,1,505,57,1194,1080
WIN_20240115_02_05_06_Pro.jpg,1920,1080,1,559,111,1158,1051
WIN_20240115_02_05_07_Pro (2).jpg,1920,1080,1,532,99,1198,880
WIN_20240115_02_05_07_Pro.jpg,1920,1080,1,503,82,1145,976
WIN_20240115_02_05_08_Pro (2).jpg,1920,1080,1,600,69,1235,801
WIN_20240115_02_05_08_Pro.jpg,1920,1080,1,519,67,1059,830
WIN_20240115_02_05_09_Pro (2).jpg,1920,1080,1,1079,32,1668,842
WIN_20240115_02_05_09_Pro (3).jpg,1920,1080,1,984,54,1643,822
WIN_20240115_02_05_09_Pro.jpg,1920,1080,1,864,52,1442,809
WIN_20240115_02_05_10_Pro (2).jpg,1920,1080,1,692,70,1314,821
WIN_20240115_02_05_10_Pro.jpg,1920,1080,1,930,126,1530,810
WIN_20240115_02_05_11_Pro (2).jpg,1920,1080,1,488,45,1205,816
WIN_20240115_02_05_11_Pro.jpg,1920,1080,1,579,29,1175,774
WIN_20240115_02_05_12_Pro (2).jpg,1920,1080,1,352,72,877,859
WIN_20240115_02_05_12_Pro.jpg,1920,1080,1,403,47,1000,796
WIN_20240115_02_05_13_Pro (2).jpg,1920,1080,1,299,151,842,832
WIN_20240115_02_05_13_Pro.jpg,1920,1080,1,293,107,865,892
WIN_20240115_02_05_16_Pro.jpg,1920,1080,1,437,216,1088,1016
WIN_20240115_02_05_17_Pro (2).jpg,1920,1080,1,294,200,858,920
WIN_20240115_02_05_17_Pro.jpg,1920,1080,1,420,174,992,937
WIN_20240115_02_05_18_Pro (2).jpg,1920,1080,1,344,195,940,885
WIN_20240115_02_05_18_Pro.jpg,1920,1080,1,369,186,880,871
WIN_20240115_02_05_19_Pro (2).jpg,1920,1080,1,443,191,928,822
WIN_20240115_02_05_19_Pro (3).jpg,1920,1080,1,469,145,1005,855
WIN_20240115_02_05_19_Pro.jpg,1920,1080,1,345,145,912,854
WIN_20240115_02_05_20_Pro (2).jpg,1920,1080,1,668,166,1205,905
WIN_20240115_02_05_20_Pro.jpg,1920,1080,1,550,180,1059,897
WIN_20240115_02_05_21_Pro (2).jpg,1920,1080,1,544,137,1118,1049
WIN_20240115_02_05_21_Pro.jpg,1920,1080,1,704,202,1180,969
WIN_20240115_02_05_22_Pro (2).jpg,1920,1080,1,549,74,1205,1009
WIN_20240115_02_05_22_Pro.jpg,1920,1080,1,613,136,1237,1001
WIN_20240115_02_05_23_Pro (2).jpg,1920,1080,1,475,149,1033,801
WIN_20240115_02_05_23_Pro.jpg,1920,1080,1,475,66,984,781
WIN_20240115_02_05_24_Pro (2).jpg,1920,1080,1,562,176,1012,712
WIN_20240115_02_05_24_Pro.jpg,1920,1080,1,410,135,940,852
WIN_20240115_02_05_25_Pro.jpg,1920,1080,1,618,257,1157,907
WIN_20240115_02_05_27_Pro.jpg,1920,1080,1,382,136,837,802
WIN_20240115_02_05_28_Pro (2).jpg,1920,1080,1,460,137,1017,807
WIN_20240115_02_05_28_Pro.jpg,1920,1080,1,540,165,1035,834
WIN_20240115_02_05_29_Pro (2).jpg,1920,1080,1,507,191,1049,851
WIN_20240115_02_05_29_Pro.jpg,1920,1080,1,438,182,1015,801
WIN_20240115_02_05_30_Pro.jpg,1920,1080,1,504,155,988,811
WIN_20240115_02_05_31_Pro (2).jpg,1920,1080,1,689,166,1194,891
WIN_20240115_02_05_31_Pro.jpg,1920,1080,1,784,159,1289,846
WIN_20240115_02_05_32_Pro (2).jpg,1920,1080,1,678,155,1204,830
WIN_20240115_02_05_32_Pro.jpg,1920,1080,1,668,134,1240,864
WIN_20240115_02_05_33_Pro (2).jpg,1920,1080,1,642,126,1187,801
WIN_20240115_02_05_33_Pro.jpg,1920,1080,1,640,142,1165,911
WIN_20240115_02_05_34_Pro (2).jpg,1920,1080,1,634,92,1227,856
WIN_20240115_02_05_34_Pro.jpg,1920,1080,1,635,97,1227,864
WIN_20240115_02_05_35_Pro (2).jpg,1920,1080,1,608,160,1178,879
WIN_20240115_02_05_35_Pro.jpg,1920,1080,1,672,126,1239,860
WIN_20240115_02_05_36_Pro (2).jpg,1920,1080,1,544,221,1128,946
WIN_20240115_02_05_36_Pro.jpg,1920,1080,1,583,196,1194,916
WIN_20240115_02_05_37_Pro (2).jpg,1920,1080,1,620,179,1179,917
WIN_20240115_02_05_37_Pro.jpg,1920,1080,1,634,181,1207,859
WIN_20240115_02_05_38_Pro.jpg,1920,1080,1,613,166,1190,869
WIN_20240115_02_05_39_Pro (2).jpg,1920,1080,1,655,259,1228,967
WIN_20240115_02_05_39_Pro.jpg,1920,1080,1,630,184,1134,879
WIN_20240115_02_06_36_Pro.jpg,1920,1080,2,439,1,1195,1079
WIN_20240115_02_06_37_Pro (2).jpg,1920,1080,2,443,31,1174,1030
WIN_20240115_02_06_37_Pro.jpg,1920,1080,2,475,1,1252,1080
WIN_20240115_02_06_38_Pro.jpg,1920,1080,2,489,65,1138,1017
WIN_20240115_02_06_40_Pro.jpg,1920,1080,2,467,56,1128,1015
WIN_20240115_02_06_41_Pro (2).jpg,1920,1080,2,583,72,1245,949
WIN_20240115_02_06_41_Pro (3).jpg,1920,1080,2,625,46,1183,975
WIN_20240115_02_06_41_Pro.jpg,1920,1080,2,504,66,1125,972
WIN_20240115_02_06_42_Pro (2).jpg,1920,1080,2,634,140,1253,889
WIN_20240115_02_06_42_Pro.jpg,1920,1080,2,597,72,1223,946
WIN_20240115_02_06_43_Pro (2).jpg,1920,1080,2,572,141,1177,897
WIN_20240115_02_06_43_Pro.jpg,1920,1080,2,660,141,1227,985
WIN_20240115_02_06_44_Pro (2).jpg,1920,1080,2,437,170,1099,954
WIN_20240115_02_06_44_Pro (3).jpg,1920,1080,2,440,187,973,969
WIN_20240115_02_06_44_Pro.jpg,1920,1080,2,552,152,1120,970
WIN_20240115_02_06_45_Pro.jpg,1920,1080,2,412,175,1070,911
WIN_20240115_02_06_51_Pro (2).jpg,1920,1080,2,553,137,1149,935
WIN_20240115_02_06_51_Pro (3).jpg,1920,1080,2,629,139,1253,939
WIN_20240115_02_06_51_Pro.jpg,1920,1080,2,480,89,1207,937
WIN_20240115_02_06_52_Pro (2).jpg,1920,1080,2,612,74,1235,1026
WIN_20240115_02_06_52_Pro.jpg,1920,1080,2,598,116,1297,977
WIN_20240115_02_06_53_Pro (2).jpg,1920,1080,2,578,111,1257,999
WIN_20240115_02_06_53_Pro.jpg,1920,1080,2,608,44,1285,979
WIN_20240115_02_06_54_Pro (2).jpg,1920,1080,2,592,197,1159,907
WIN_20240115_02_06_54_Pro.jpg,1920,1080,2,575,140,1240,995
WIN_20240115_02_06_55_Pro (2).jpg,1920,1080,2,428,86,1377,1080
WIN_20240115_02_06_55_Pro (3).jpg,1920,1080,2,438,2,1420,1080
WIN_20240115_02_06_55_Pro.jpg,1920,1080,2,557,181,1277,1080
WIN_20240115_02_06_56_Pro (2).jpg,1920,1080,2,494,60,1335,1041
WIN_20240115_02_06_56_Pro.jpg,1920,1080,2,545,12,1270,1036
WIN_20240115_02_06_57_Pro (2).jpg,1920,1080,2,1037,36,1695,1022
WIN_20240115_02_06_57_Pro (3).jpg,1920,1080,2,1018,42,1728,1034
WIN_20240115_02_06_57_Pro.jpg,1920,1080,2,878,47,1648,1060
WIN_20240115_02_06_58_Pro (2).jpg,1920,1080,2,713,59,1342,1006
WIN_20240115_02_06_58_Pro.jpg,1920,1080,2,808,89,1615,982
WIN_20240115_02_06_59_Pro (2).jpg,1920,1080,2,302,119,940,1019
WIN_20240115_02_06_59_Pro.jpg,1920,1080,2,383,26,1258,970
WIN_20240115_02_07_00_Pro (2).jpg,1920,1080,2,110,140,774,950
WIN_20240115_02_07_00_Pro.jpg,1920,1080,2,202,131,857,911
WIN_20240115_02_07_01_Pro (2).jpg,1920,1080,2,274,89,989,945
WIN_20240115_02_07_01_Pro.jpg,1920,1080,2,149,166,832,901
WIN_20240115_02_07_02_Pro (2).jpg,1920,1080,2,397,70,1220,950
WIN_20240115_02_07_02_Pro (3).jpg,1920,1080,2,514,74,1255,930
WIN_20240115_02_07_02_Pro.jpg,1920,1080,2,454,75,1180,867
WIN_20240115_02_07_03_Pro (2).jpg,1920,1080,2,488,21,1250,871
WIN_20240115_02_07_03_Pro.jpg,1920,1080,2,504,17,1277,879
WIN_20240115_02_07_04_Pro (2).jpg,1920,1080,2,658,49,1469,985
WIN_20240115_02_07_04_Pro.jpg,1920,1080,2,548,40,1358,950
WIN_20240115_02_07_05_Pro (2).jpg,1920,1080,2,687,40,1489,934
WIN_20240115_02_07_05_Pro.jpg,1920,1080,2,668,82,1473,974
WIN_20240115_02_07_06_Pro (2).jpg,1920,1080,2,637,109,1410,1004
WIN_20240115_02_07_06_Pro (3).jpg,1920,1080,2,712,51,1299,980
WIN_20240115_02_07_06_Pro.jpg,1920,1080,2,703,62,1464,1021
WIN_20240115_02_07_07_Pro (2).jpg,1920,1080,2,623,59,1308,936
WIN_20240115_02_07_07_Pro.jpg,1920,1080,2,574,40,1224,969
WIN_20240115_02_07_08_Pro (2).jpg,1920,1080,2,509,71,1210,1016
WIN_20240115_02_07_08_Pro.jpg,1920,1080,2,650,79,1302,951
WIN_20240115_02_07_09_Pro.jpg,1920,1080,2,648,37,1419,887
WIN_20240115_02_07_10_Pro (2).jpg,1920,1080,2,762,35,1369,926
WIN_20240115_02_07_10_Pro.jpg,1920,1080,2,495,66,1225,930
WIN_20240115_02_07_11_Pro (2).jpg,1920,1080,2,862,4,1600,907
WIN_20240115_02_07_11_Pro.jpg,1920,1080,2,738,22,1374,916
WIN_20240115_02_07_12_Pro.jpg,1920,1080,2,779,9,1402,957
WIN_20240115_02_07_13_Pro.jpg,1920,1080,2,808,24,1378,877
WIN_20240115_02_07_14_Pro (2).jpg,1920,1080,2,665,232,1327,1040
WIN_20240115_02_07_14_Pro.jpg,1920,1080,2,788,84,1350,897
WIN_20240115_02_07_17_Pro (2).jpg,1920,1080,2,517,196,1025,842
WIN_20240115_02_07_17_Pro.jpg,1920,1080,2,508,217,1040,905
WIN_20240115_02_07_18_Pro (2).jpg,1920,1080,2,510,154,1008,936
WIN_20240115_02_07_18_Pro.jpg,1920,1080,2,443,194,1027,920
WIN_20240115_02_07_19_Pro (2).jpg,1920,1080,2,598,194,1162,842
WIN_20240115_02_07_19_Pro.jpg,1920,1080,2,460,117,1094,927
WIN_20240115_02_07_20_Pro (2).jpg,1920,1080,2,740,179,1363,931
WIN_20240115_02_07_20_Pro.jpg,1920,1080,2,688,177,1335,940
WIN_20240115_02_07_21_Pro (2).jpg,1920,1080,2,604,169,1129,916
WIN_20240115_02_07_21_Pro (3).jpg,1920,1080,2,470,181,1055,845
WIN_20240115_02_07_21_Pro.jpg,1920,1080,2,899,237,1498,911
WIN_20240115_02_07_22_Pro (2).jpg,1920,1080,2,298,204,845,841
WIN_20240115_02_07_22_Pro.jpg,1920,1080,2,423,171,880,845
WIN_20240115_02_07_23_Pro.jpg,1920,1080,2,224,174,735,816
WIN_20240115_02_08_43_Pro (2).jpg,1920,1080,3,468,47,1110,815
WIN_20240115_02_08_43_Pro.jpg,1920,1080,3,477,66,1158,876
WIN_20240115_02_08_44_Pro (2).jpg,1920,1080,3,550,124,1214,937
WIN_20240115_02_08_44_Pro.jpg,1920,1080,3,478,31,1154,884
WIN_20240115_02_08_45_Pro (2).jpg,1920,1080,3,607,99,1190,775
WIN_20240115_02_08_45_Pro (3).jpg,1920,1080,3,575,17,1204,825
WIN_20240115_02_08_45_Pro.jpg,1920,1080,3,545,117,1172,865
WIN_20240115_02_08_46_Pro (2).jpg,1920,1080,3,653,5,1352,745
WIN_20240115_02_08_46_Pro.jpg,1920,1080,3,629,1,1270,784
WIN_20240115_02_08_47_Pro (2).jpg,1920,1080,3,454,19,1337,1060
WIN_20240115_02_08_47_Pro (3).jpg,1920,1080,3,498,10,1334,1001
WIN_20240115_02_08_48_Pro (2).jpg,1920,1080,3,470,124,1315,1071
WIN_20240115_02_08_48_Pro.jpg,1920,1080,3,445,41,1313,1025
WIN_20240115_02_08_49_Pro (2).jpg,1920,1080,3,490,60,1277,966
WIN_20240115_02_08_49_Pro.jpg,1920,1080,3,503,60,1314,1036
WIN_20240115_02_08_50_Pro (2).jpg,1920,1080,3,563,147,1187,947
WIN_20240115_02_08_50_Pro (3).jpg,1920,1080,3,454,167,1052,894
WIN_20240115_02_08_50_Pro.jpg,1920,1080,3,522,112,1190,910
WIN_20240115_02_08_51_Pro (2).jpg,1920,1080,3,39,246,744,941
WIN_20240115_02_08_52_Pro (2).jpg,1920,1080,3,337,144,953,891
WIN_20240115_02_08_53_Pro (2).jpg,1920,1080,3,648,209,1237,899
WIN_20240115_02_08_53_Pro.jpg,1920,1080,3,417,174,1058,961
WIN_20240115_02_08_54_Pro (2).jpg,1920,1080,3,714,234,1305,907
WIN_20240115_02_08_54_Pro.jpg,1920,1080,3,675,199,1307,947
WIN_20240115_02_08_55_Pro (2).jpg,1920,1080,3,625,196,1259,947
WIN_20240115_02_08_55_Pro.jpg,1920,1080,3,628,204,1232,950
WIN_20240115_02_08_56_Pro (2).jpg,1920,1080,3,782,257,1333,945
WIN_20240115_02_08_56_Pro.jpg,1920,1080,3,592,204,1214,952
WIN_20240115_02_08_57_Pro (2).jpg,1920,1080,3,649,227,1215,929
WIN_20240115_02_08_57_Pro (3).jpg,1920,1080,3,560,174,1163,920
WIN_20240115_02_08_57_Pro.jpg,1920,1080,3,623,256,1230,942
WIN_20240115_02_08_58_Pro (2).jpg,1920,1080,3,567,265,1259,952
WIN_20240115_02_08_58_Pro.jpg,1920,1080,3,490,206,1113,891
WIN_20240115_02_08_59_Pro (2).jpg,1920,1080,3,615,236,1140,880
WIN_20240115_02_08_59_Pro.jpg,1920,1080,3,564,211,1113,921
WIN_20240115_02_09_00_Pro (2).jpg,1920,1080,3,499,236,1183,997
WIN_20240115_02_09_00_Pro.jpg,1920,1080,3,497,226,1150,940
WIN_20240115_02_09_01_Pro (2).jpg,1920,1080,3,399,292,1044,982
WIN_20240115_02_09_01_Pro.jpg,1920,1080,3,428,250,1045,944
WIN_20240115_02_09_02_Pro (2).jpg,1920,1080,3,384,241,1098,947
WIN_20240115_02_09_02_Pro.jpg,1920,1080,3,482,250,1102,930
WIN_20240115_02_09_03_Pro (2).jpg,1920,1080,3,708,166,1228,742
WIN_20240115_02_09_03_Pro.jpg,1920,1080,3,415,240,1107,920
WIN_20240115_02_09_04_Pro (2).jpg,1920,1080,3,642,120,1212,784
WIN_20240115_02_09_04_Pro.jpg,1920,1080,3,688,157,1207,799
WIN_20240115_02_09_05_Pro (2).jpg,1920,1080,3,575,162,1183,827
WIN_20240115_02_09_05_Pro.jpg,1920,1080,3,618,101,1134,796
WIN_20240115_02_09_06_Pro (2).jpg,1920,1080,3,548,100,1157,819
WIN_20240115_02_09_06_Pro.jpg,1920,1080,3,638,181,1177,816
WIN_20240115_02_09_07_Pro (2).jpg,1920,1080,3,615,146,1154,791
WIN_20240115_02_09_07_Pro.jpg,1920,1080,3,605,126,1163,825
WIN_20240115_02_09_08_Pro.jpg,1920,1080,3,614,131,1118,832
WIN_20240115_02_09_09_Pro (2).jpg,1920,1080,3,635,95,1149,799
WIN_20240115_02_09_09_Pro.jpg,1920,1080,3,595,102,1182,847
WIN_20240115_02_09_10_Pro (2).jpg,1920,1080,3,603,90,1207,842
WIN_20240115_02_09_10_Pro.jpg,1920,1080,3,612,130,1233,815
WIN_20240115_02_09_11_Pro (2).jpg,1920,1080,3,668,122,1357,870
WIN_20240115_02_09_11_Pro (3).jpg,1920,1080,3,665,59,1362,951
WIN_20240115_02_09_11_Pro.jpg,1920,1080,3,750,171,1264,865
WIN_20240115_02_09_12_Pro (2).jpg,1920,1080,3,612,1,1479,1080
WIN_20240115_02_09_12_Pro.jpg,1920,1080,3,627,32,1484,1002
WIN_20240115_02_09_13_Pro (2).jpg,1920,1080,3,673,31,1433,945
WIN_20240115_02_09_13_Pro.jpg,1920,1080,3,647,5,1485,1022
WIN_20240115_02_09_15_Pro (2).jpg,1920,1080,3,509,165,1108,989
WIN_20240115_02_09_15_Pro.jpg,1920,1080,3,500,212,1122,944
WIN_20240115_02_09_16_Pro (2).jpg,1920,1080,3,517,201,1125,900
WIN_20240115_02_09_16_Pro.jpg,1920,1080,3,434,237,1127,950
WIN_20240115_02_09_17_Pro (2).jpg,1920,1080,3,650,217,1309,887
WIN_20240115_02_09_17_Pro.jpg,1920,1080,3,535,207,1115,837
WIN_20240115_02_09_18_Pro (2).jpg,1920,1080,3,664,281,1200,871
WIN_20240115_02_09_18_Pro.jpg,1920,1080,3,673,254,1230,885
WIN_20240115_02_09_19_Pro (2).jpg,1920,1080,3,658,245,1167,926
WIN_20240115_02_09_19_Pro.jpg,1920,1080,3,673,239,1218,977
WIN_20240115_02_09_20_Pro (2).jpg,1920,1080,3,603,229,1159,911
WIN_20240115_02_09_20_Pro.jpg,1920,1080,3,654,259,1217,994
WIN_20240115_02_09_21_Pro (2).jpg,1920,1080,3,577,217,1202,935
WIN_20240115_02_09_21_Pro.jpg,1920,1080,3,637,249,1224,944
WIN_20240115_02_09_22_Pro (2).jpg,1920,1080,3,898,266,1504,981
WIN_20240115_02_09_22_Pro.jpg,1920,1080,3,855,265,1397,945
WIN_20240115_02_09_23_Pro (2).jpg,1920,1080,3,888,300,1417,906
WIN_20240115_02_09_23_Pro (3).jpg,1920,1080,3,825,250,1342,937
WIN_20240115_02_09_23_Pro.jpg,1920,1080,3,920,281,1423,1009
WIN_20240115_02_09_24_Pro (2).jpg,1920,1080,3,567,294,1068,925
WIN_20240115_02_09_24_Pro.jpg,1920,1080,3,662,239,1155,880
WIN_20240115_02_09_25_Pro (2).jpg,1920,1080,3,330,305,932,960
WIN_20240115_02_09_25_Pro.jpg,1920,1080,3,438,277,1034,916
WIN_20240115_02_09_26_Pro (2).jpg,1920,1080,3,262,311,942,940
WIN_20240115_02_09_26_Pro.jpg,1920,1080,3,365,316,959,952
WIN_20240115_02_09_27_Pro (2).jpg,1920,1080,3,623,269,1265,939
WIN_20240115_02_09_27_Pro.jpg,1920,1080,3,242,304,843,910
WIN_20240115_02_10_40_Pro.jpg,1920,1080,4,497,42,1258,1001
WIN_20240115_02_10_41_Pro (2).jpg,1920,1080,4,412,12,1193,914
WIN_20240115_02_10_41_Pro.jpg,1920,1080,4,458,17,1227,999
WIN_20240115_02_10_42_Pro (2).jpg,1920,1080,4,442,1,1154,990
WIN_20240115_02_10_42_Pro (3).jpg,1920,1080,4,465,4,1160,984
WIN_20240115_02_10_42_Pro.jpg,1920,1080,4,428,4,1149,995
WIN_20240115_02_10_43_Pro (2).jpg,1920,1080,4,518,74,1229,931
WIN_20240115_02_10_43_Pro.jpg,1920,1080,4,553,2,1233,976
WIN_20240115_02_10_44_Pro (2).jpg,1920,1080,4,580,92,1160,892
WIN_20240115_02_10_44_Pro.jpg,1920,1080,4,584,92,1130,930
WIN_20240115_02_10_45_Pro (2).jpg,1920,1080,4,565,120,1127,935
WIN_20240115_02_10_45_Pro (3).jpg,1920,1080,4,557,115,1079,914
WIN_20240115_02_10_45_Pro.jpg,1920,1080,4,484,65,1133,921
WIN_20240115_02_10_46_Pro (2).jpg,1920,1080,4,607,44,1207,1034
WIN_20240115_02_10_46_Pro.jpg,1920,1080,4,643,75,1200,964
WIN_20240115_02_10_47_Pro (2).jpg,1920,1080,4,552,14,1223,991
WIN_20240115_02_10_47_Pro.jpg,1920,1080,4,508,54,1245,1080
WIN_20240115_02_10_48_Pro (2).jpg,1920,1080,4,468,145,1083,925
WIN_20240115_02_10_48_Pro.jpg,1920,1080,4,525,157,1095,907
WIN_20240115_02_10_49_Pro (2).jpg,1920,1080,4,514,216,1052,884
WIN_20240115_02_10_49_Pro.jpg,1920,1080,4,529,186,1068,904
WIN_20240115_02_10_50_Pro (2).jpg,1920,1080,4,553,187,1069,944
WIN_20240115_02_10_50_Pro.jpg,1920,1080,4,537,161,1108,996
WIN_20240115_02_10_51_Pro (2).jpg,1920,1080,4,567,200,1027,864
WIN_20240115_02_10_51_Pro.jpg,1920,1080,4,522,215,1019,869
WIN_20240115_02_10_52_Pro (2).jpg,1920,1080,4,477,182,1034,881
WIN_20240115_02_10_52_Pro (3).jpg,1920,1080,4,832,164,1262,860
WIN_20240115_02_10_52_Pro.jpg,1920,1080,4,495,217,1074,865
WIN_20240115_02_10_53_Pro (2).jpg,1920,1080,4,813,229,1323,900
WIN_20240115_02_10_53_Pro.jpg,1920,1080,4,882,256,1354,927
WIN_20240115_02_10_54_Pro (2).jpg,1920,1080,4,528,219,1038,889
WIN_20240115_02_10_54_Pro.jpg,1920,1080,4,590,210,1134,922
WIN_20240115_02_10_55_Pro (2).jpg,1920,1080,4,245,185,753,845
WIN_20240115_02_10_55_Pro.jpg,1920,1080,4,402,220,959,855
WIN_20240115_02_10_56_Pro (2).jpg,1920,1080,4,250,202,738,871
WIN_20240115_02_10_56_Pro.jpg,1920,1080,4,224,222,687,851
WIN_20240115_02_11_09_Pro.jpg,1920,1080,4,570,16,1087,764
WIN_20240115_02_11_10_Pro (2).jpg,1920,1080,4,594,24,1172,830
WIN_20240115_02_11_10_Pro.jpg,1920,1080,4,539,116,1102,779
WIN_20240115_02_11_11_Pro (2).jpg,1920,1080,4,560,7,1224,934
WIN_20240115_02_11_11_Pro.jpg,1920,1080,4,644,24,1244,885
WIN_20240115_02_11_12_Pro (2).jpg,1920,1080,4,380,86,1143,1065
WIN_20240115_02_11_12_Pro.jpg,1920,1080,4,298,45,1008,962
WIN_20240115_02_11_13_Pro (2).jpg,1920,1080,4,520,76,1164,896
WIN_20240115_02_11_13_Pro.jpg,1920,1080,4,523,79,1370,1080
WIN_20240115_02_11_14_Pro (2).jpg,1920,1080,4,510,186,1148,856
WIN_20240115_02_11_14_Pro.jpg,1920,1080,4,578,169,1110,829
WIN_20240115_02_11_15_Pro (2).jpg,1920,1080,4,965,222,1459,900
WIN_20240115_02_11_15_Pro.jpg,1920,1080,4,788,180,1348,831
WIN_20240115_02_11_16_Pro (2).jpg,1920,1080,4,619,192,1235,919
WIN_20240115_02_11_16_Pro.jpg,1920,1080,4,778,202,1324,909
WIN_20240115_02_11_17_Pro (2).jpg,1920,1080,4,428,252,1035,947
WIN_20240115_02_11_17_Pro.jpg,1920,1080,4,560,252,1009,871
WIN_20240115_02_11_19_Pro.jpg,1920,1080,4,425,180,988,850
WIN_20240115_02_11_20_Pro (2).jpg,1920,1080,4,399,266,933,877
WIN_20240115_02_11_20_Pro.jpg,1920,1080,4,378,187,889,934
WIN_20240115_02_11_21_Pro (2).jpg,1920,1080,4,439,87,1020,944
WIN_20240115_02_11_21_Pro.jpg,1920,1080,4,405,216,968,931
WIN_20240115_02_11_22_Pro (2).jpg,1920,1080,4,378,51,1100,969
WIN_20240115_02_11_22_Pro (3).jpg,1920,1080,4,397,59,1064,976
WIN_20240115_02_11_22_Pro.jpg,1920,1080,4,413,57,1110,901
WIN_20240115_02_11_34_Pro (2).jpg,1920,1080,4,578,6,1167,910
WIN_20240115_02_11_34_Pro.jpg,1920,1080,4,260,5,1003,870
WIN_20240115_02_11_35_Pro (2).jpg,1920,1080,4,523,6,1158,812
WIN_20240115_02_11_35_Pro.jpg,1920,1080,4,577,6,1157,797
WIN_20240115_02_11_36_Pro (2).jpg,1920,1080,4,508,214,1134,959
WIN_20240115_02_11_36_Pro.jpg,1920,1080,4,615,127,1144,897
WIN_20240115_02_11_37_Pro (3).jpg,1920,1080,4,633,181,1183,897
WIN_20240115_02_11_37_Pro.jpg,1920,1080,4,544,330,1040,986
WIN_20240115_02_11_38_Pro (2).jpg,1920,1080,4,620,259,1185,931
WIN_20240115_02_11_38_Pro.jpg,1920,1080,4,647,242,1212,937
WIN_20240115_02_11_39_Pro (2).jpg,1920,1080,4,540,211,1182,987
WIN_20240115_02_11_39_Pro.jpg,1920,1080,4,593,187,1153,974
WIN_20240115_02_11_40_Pro (2).jpg,1920,1080,4,527,89,1422,1080
WIN_20240115_02_11_40_Pro (3).jpg,1920,1080,4,540,47,1517,1079
WIN_20240115_02_11_40_Pro.jpg,1920,1080,4,589,134,1290,1049
WIN_20240115_02_14_13_Pro (2).jpg,1920,1080,5,533,1,1423,999
WIN_20240115_02_14_13_Pro.jpg,1920,1080,5,582,4,1499,991
WIN_20240115_02_14_14_Pro.jpg,1920,1080,5,448,6,1320,976
WIN_20240115_02_14_15_Pro (2).jpg,1920,1080,5,614,1,1318,844
WIN_20240115_02_14_15_Pro (3).jpg,1920,1080,5,653,1,1337,854
WIN_20240115_02_14_15_Pro.jpg,1920,1080,5,553,5,1352,860
WIN_20240115_02_14_16_Pro (2).jpg,1920,1080,5,649,122,1319,966
WIN_20240115_02_14_16_Pro.jpg,1920,1080,5,679,64,1343,915
WIN_20240115_02_14_17_Pro (2).jpg,1920,1080,5,622,65,1260,831
WIN_20240115_02_14_17_Pro.jpg,1920,1080,5,645,71,1289,902
WIN_20240115_02_14_18_Pro (2).jpg,1920,1080,5,575,27,1184,775
WIN_20240115_02_14_18_Pro (3).jpg,1920,1080,5,569,72,1183,799
WIN_20240115_02_14_18_Pro.jpg,1920,1080,5,603,21,1242,769
WIN_20240115_02_14_19_Pro (2).jpg,1920,1080,5,568,110,1253,839
WIN_20240115_02_14_19_Pro.jpg,1920,1080,5,565,89,1179,774
WIN_20240115_02_14_20_Pro.jpg,1920,1080,5,688,172,1257,820
WIN_20240115_02_14_21_Pro (2).jpg,1920,1080,5,635,66,1240,745
WIN_20240115_02_14_21_Pro.jpg,1920,1080,5,609,62,1228,727
WIN_20240115_02_14_22_Pro (2).jpg,1920,1080,5,658,57,1264,745
WIN_20240115_02_14_22_Pro (3).jpg,1920,1080,5,712,59,1268,791
WIN_20240115_02_14_22_Pro.jpg,1920,1080,5,645,65,1285,775
WIN_20240115_02_14_23_Pro (2).jpg,1920,1080,5,654,57,1252,810
WIN_20240115_02_14_23_Pro.jpg,1920,1080,5,672,64,1263,784
WIN_20240115_02_14_24_Pro (2).jpg,1920,1080,5,724,80,1269,806
WIN_20240115_02_14_24_Pro.jpg,1920,1080,5,660,75,1239,782
WIN_20240115_02_14_25_Pro (2).jpg,1920,1080,5,710,76,1302,806
WIN_20240115_02_14_25_Pro.jpg,1920,1080,5,724,92,1293,784
WIN_20240115_02_14_26_Pro (2).jpg,1920,1080,5,584,134,1290,902
WIN_20240115_02_14_26_Pro (3).jpg,1920,1080,5,615,145,1334,854
WIN_20240115_02_14_26_Pro.jpg,1920,1080,5,599,81,1282,826
WIN_20240115_02_14_27_Pro.jpg,1920,1080,5,563,142,1387,866
WIN_20240115_02_14_28_Pro (2).jpg,1920,1080,5,619,167,1323,834
WIN_20240115_02_14_28_Pro.jpg,1920,1080,5,615,174,1337,821
WIN_20240115_02_14_29_Pro (2).jpg,1920,1080,5,678,101,1415,896
WIN_20240115_02_14_29_Pro.jpg,1920,1080,5,599,161,1365,860
WIN_20240115_02_14_30_Pro (2).jpg,1920,1080,5,728,27,1579,980
WIN_20240115_02_14_30_Pro.jpg,1920,1080,5,695,41,1485,961
WIN_20240115_02_14_31_Pro (2).jpg,1920,1080,5,603,9,1445,986
WIN_20240115_02_14_31_Pro.jpg,1920,1080,5,698,5,1565,955
WIN_20240115_02_14_32_Pro (2).jpg,1920,1080,5,622,4,1463,947
WIN_20240115_02_14_32_Pro.jpg,1920,1080,5,690,14,1537,965
WIN_20240115_02_14_33_Pro (2).jpg,1920,1080,5,607,127,1305,886
WIN_20240115_02_14_33_Pro.jpg,1920,1080,5,698,1,1439,910
WIN_20240115_02_14_34_Pro (2).jpg,1920,1080,5,534,137,1298,910
WIN_20240115_02_14_34_Pro.jpg,1920,1080,5,585,132,1289,842
WIN_20240115_02_14_35_Pro (2).jpg,1920,1080,5,555,185,1270,925
WIN_20240115_02_14_35_Pro.jpg,1920,1080,5,568,144,1248,871
WIN_20240115_02_14_36_Pro (2).jpg,1920,1080,5,523,156,1272,920
WIN_20240115_02_14_36_Pro.jpg,1920,1080,5,599,150,1315,886
WIN_20240115_02_14_37_Pro (2).jpg,1920,1080,5,585,72,1400,864
WIN_20240115_02_14_37_Pro.jpg,1920,1080,5,509,154,1278,957
WIN_20240115_02_14_38_Pro (2).jpg,1920,1080,5,625,12,1490,832
WIN_20240115_02_14_38_Pro.jpg,1920,1080,5,685,22,1403,810
WIN_20240115_02_14_39_Pro (2).jpg,1920,1080,5,623,7,1588,989
WIN_20240115_02_14_39_Pro.jpg,1920,1080,5,589,1,1584,1026
WIN_20240115_02_14_40_Pro (2).jpg,1920,1080,5,630,111,1445,960
WIN_20240115_02_14_40_Pro.jpg,1920,1080,5,662,1,1564,1024
WIN_20240115_02_14_41_Pro (2).jpg,1920,1080,5,633,45,1308,794
WIN_20240115_02_14_41_Pro.jpg,1920,1080,5,602,132,1402,950
WIN_20240115_02_14_42_Pro (2).jpg,1920,1080,5,594,51,1318,774
WIN_20240115_02_14_42_Pro.jpg,1920,1080,5,630,80,1379,785
WIN_20240115_02_14_43_Pro (2).jpg,1920,1080,5,663,100,1370,829
WIN_20240115_02_14_43_Pro.jpg,1920,1080,5,622,87,1294,789
WIN_20240115_02_14_44_Pro (2).jpg,1920,1080,5,834,80,1479,846
WIN_20240115_02_14_44_Pro.jpg,1920,1080,5,742,95,1402,846
WIN_20240115_02_14_45_Pro (2).jpg,1920,1080,5,859,90,1473,822
WIN_20240115_02_14_45_Pro.jpg,1920,1080,5,923,89,1479,880
WIN_20240115_02_14_46_Pro (2).jpg,1920,1080,5,534,131,1200,897
WIN_20240115_02_14_46_Pro.jpg,1920,1080,5,633,131,1345,861
WIN_20240115_02_14_47_Pro (2).jpg,1920,1080,5,483,164,1167,856
WIN_20240115_02_14_47_Pro.jpg,1920,1080,5,493,135,1140,846
WIN_20240115_02_14_48_Pro (2).jpg,1920,1080,5,507,160,1179,869
WIN_20240115_02_14_48_Pro.jpg,1920,1080,5,492,159,1192,869
WIN_20240115_02_14_49_Pro (2).jpg,1920,1080,5,652,130,1325,882
WIN_20240115_02_14_49_Pro.jpg,1920,1080,5,469,166,1179,857
WIN_20240115_02_14_50_Pro.jpg,1920,1080,5,717,114,1337,846
WIN_20240115_02_14_51_Pro (2).jpg,1920,1080,5,693,140,1379,819
WIN_20240115_02_14_51_Pro (3).jpg,1920,1080,5,633,132,1324,821
WIN_20240115_02_14_51_Pro.jpg,1920,1080,5,713,116,1418,866
WIN_20240115_02_14_52_Pro (2).jpg,1920,1080,5,673,165,1345,884
WIN_20240115_02_14_52_Pro.jpg,1920,1080,5,644,132,1365,829
WIN_20240115_02_14_53_Pro.jpg,1920,1080,5,594,2,1592,816
WIN_20240115_02_14_54_Pro (2).jpg,1920,1080,5,664,1,1505,742
WIN_20240115_02_14_55_Pro (2).jpg,1920,1080,5,668,155,1287,816
WIN_20240115_02_14_55_Pro.jpg,1920,1080,5,595,166,1273,799
WIN_20240115_02_14_56_Pro (2).jpg,1920,1080,5,592,105,1213,782
WIN_20240115_02_17_05_Pro (2).jpg,1920,1080,6,455,29,1062,996
WIN_20240115_02_17_06_Pro (2).jpg,1920,1080,6,568,39,1082,999
WIN_20240115_02_17_06_Pro.jpg,1920,1080,6,580,22,1068,981
WIN_20240115_02_17_07_Pro (2).jpg,1920,1080,6,535,56,1124,1012
WIN_20240115_02_17_07_Pro.jpg,1920,1080,6,523,44,1098,1021
WIN_20240115_02_17_08_Pro.jpg,1920,1080,6,604,27,1102,1027
WIN_20240115_02_17_09_Pro (2).jpg,1920,1080,6,578,2,1115,925
WIN_20240115_02_17_09_Pro.jpg,1920,1080,6,612,1,1109,985
WIN_20240115_02_17_10_Pro (2).jpg,1920,1080,6,559,126,1119,1020
WIN_20240115_02_17_10_Pro.jpg,1920,1080,6,557,60,1100,1037
WIN_20240115_02_17_11_Pro (2).jpg,1920,1080,6,438,82,973,1022
WIN_20240115_02_17_11_Pro.jpg,1920,1080,6,553,125,1045,1022
WIN_20240115_02_17_12_Pro (2).jpg,1920,1080,6,184,154,743,1026
WIN_20240115_02_17_12_Pro.jpg,1920,1080,6,254,110,820,1004
WIN_20240115_02_17_14_Pro (2).jpg,1920,1080,6,663,85,1113,900
WIN_20240115_02_17_14_Pro.jpg,1920,1080,6,549,92,983,981
WIN_20240115_02_17_15_Pro (2).jpg,1920,1080,6,875,54,1329,926
WIN_20240115_02_17_15_Pro.jpg,1920,1080,6,753,59,1372,912
WIN_20240115_02_17_16_Pro (2).jpg,1920,1080,6,813,2,1374,762
WIN_20240115_02_17_16_Pro.jpg,1920,1080,6,847,1,1315,787
WIN_20240115_02_17_17_Pro (2).jpg,1920,1080,6,800,172,1278,950
WIN_20240115_02_17_18_Pro (2).jpg,1920,1080,6,705,236,1274,1017
WIN_20240115_02_17_18_Pro (3).jpg,1920,1080,6,540,239,1048,979
WIN_20240115_02_17_18_Pro.jpg,1920,1080,6,654,207,1272,1036
WIN_20240115_02_17_19_Pro (2).jpg,1920,1080,6,312,215,790,922
WIN_20240115_02_17_19_Pro.jpg,1920,1080,6,408,229,884,961
WIN_20240115_02_17_20_Pro.jpg,1920,1080,6,320,232,822,930
WIN_20240115_02_18_17_Pro (3).jpg,1920,1080,6,529,59,1199,1075
WIN_20240115_02_18_18_Pro (2).jpg,1920,1080,6,549,97,1078,967
WIN_20240115_02_18_18_Pro.jpg,1920,1080,6,594,84,1120,977
WIN_20240115_02_18_19_Pro (2).jpg,1920,1080,6,534,169,1005,986
WIN_20240115_02_18_19_Pro.jpg,1920,1080,6,498,159,992,965
WIN_20240115_02_18_20_Pro (2).jpg,1920,1080,6,553,134,999,922
WIN_20240115_02_18_20_Pro (3).jpg,1920,1080,6,512,135,1027,992
WIN_20240115_02_18_20_Pro.jpg,1920,1080,6,599,147,1053,985
WIN_20240115_02_18_21_Pro (2).jpg,1920,1080,6,565,165,1043,919
WIN_20240115_02_18_21_Pro.jpg,1920,1080,6,534,172,1052,965
WIN_20240115_02_18_22_Pro (2).jpg,1920,1080,6,510,154,1004,982
WIN_20240115_02_18_22_Pro.jpg,1920,1080,6,529,155,1095,981
WIN_20240115_02_18_23_Pro (2).jpg,1920,1080,6,700,114,1199,989
WIN_20240115_02_18_23_Pro (3).jpg,1920,1080,6,723,117,1247,947
WIN_20240115_02_18_23_Pro.jpg,1920,1080,6,630,137,1103,891
WIN_20240115_02_18_24_Pro (2).jpg,1920,1080,6,737,126,1210,855
WIN_20240115_02_18_24_Pro.jpg,1920,1080,6,710,80,1193,922
WIN_20240115_02_18_25_Pro (2).jpg,1920,1080,6,743,127,1217,855
WIN_20240115_02_18_25_Pro (3).jpg,1920,1080,6,700,114,1213,901
WIN_20240115_02_18_25_Pro.jpg,1920,1080,6,712,72,1234,906
WIN_20240115_02_18_26_Pro (2).jpg,1920,1080,6,695,110,1219,857
WIN_20240115_02_19_55_Pro.jpg,1920,1080,7,675,105,1222,940
WIN_20240115_02_19_56_Pro (2).jpg,1920,1080,7,769,66,1332,952
WIN_20240115_02_19_56_Pro (3).jpg,1920,1080,7,698,106,1340,1012
WIN_20240115_02_19_56_Pro.jpg,1920,1080,7,760,60,1390,949
WIN_20240115_02_19_57_Pro (2).jpg,1920,1080,7,674,7,1408,1021
WIN_20240115_02_19_57_Pro.jpg,1920,1080,7,694,20,1392,964
WIN_20240115_02_19_58_Pro.jpg,1920,1080,7,667,149,1374,1036
WIN_20240115_02_20_04_Pro.jpg,1920,1080,7,599,56,1330,1015
WIN_20240115_02_20_05_Pro (2).jpg,1920,1080,7,473,97,1110,1020
WIN_20240115_02_20_05_Pro (3).jpg,1920,1080,7,392,106,1047,1017
WIN_20240115_02_20_05_Pro.jpg,1920,1080,7,562,82,1279,1049
WIN_20240115_02_20_06_Pro (2).jpg,1920,1080,7,328,77,947,889
WIN_20240115_02_20_06_Pro.jpg,1920,1080,7,354,112,988,986
WIN_20240115_02_20_07_Pro (2).jpg,1920,1080,7,317,76,910,941
WIN_20240115_02_20_07_Pro (3).jpg,1920,1080,7,322,117,850,896
WIN_20240115_02_20_07_Pro.jpg,1920,1080,7,335,74,900,870
WIN_20240115_02_20_08_Pro (2).jpg,1920,1080,7,447,77,1003,844
WIN_20240115_02_20_08_Pro (3).jpg,1920,1080,7,475,66,1072,859
WIN_20240115_02_20_08_Pro.jpg,1920,1080,7,358,127,965,834
WIN_20240115_02_20_09_Pro (2).jpg,1920,1080,7,715,86,1232,870
WIN_20240115_02_20_09_Pro.jpg,1920,1080,7,632,42,1119,781
WIN_20240115_02_20_10_Pro (2).jpg,1920,1080,7,814,101,1358,874
WIN_20240115_02_20_10_Pro.jpg,1920,1080,7,804,91,1372,839
WIN_20240115_02_20_11_Pro (2).jpg,1920,1080,7,1025,56,1595,944
WIN_20240115_02_20_11_Pro (3).jpg,1920,1080,7,1135,102,1654,882
WIN_20240115_02_20_11_Pro.jpg,1920,1080,7,939,72,1519,830
WIN_20240115_02_20_12_Pro (2).jpg,1920,1080,7,1047,1,1708,892
WIN_20240115_02_20_12_Pro.jpg,1920,1080,7,1059,71,1627,919
WIN_20240115_02_20_13_Pro (2).jpg,1920,1080,7,1022,1,1708,886
WIN_20240115_02_20_13_Pro.jpg,1920,1080,7,1064,4,1737,916
WIN_20240115_02_20_14_Pro (2).jpg,1920,1080,7,1113,1,1730,956
WIN_20240115_02_20_14_Pro.jpg,1920,1080,7,878,1,1525,829
WIN_20240115_02_20_15_Pro (2).jpg,1920,1080,7,968,166,1574,1039
WIN_20240115_02_20_15_Pro.jpg,1920,1080,7,1067,71,1718,987
WIN_20240115_02_20_16_Pro (2).jpg,1920,1080,7,1109,217,1657,986
WIN_20240115_02_20_17_Pro (2).jpg,1920,1080,7,1434,191,1907,929
WIN_20240115_02_20_17_Pro.jpg,1920,1080,7,1295,185,1788,952
WIN_20240115_02_20_18_Pro (2).jpg,1920,1080,7,1092,184,1622,882
WIN_20240115_02_20_18_Pro.jpg,1920,1080,7,1147,205,1697,931
WIN_20240115_02_20_19_Pro.jpg,1920,1080,7,1035,167,1634,892
WIN_20240115_02_20_20_Pro (2).jpg,1920,1080,7,697,99,1267,769
WIN_20240115_02_20_22_Pro (2).jpg,1920,1080,7,567,132,1020,725
WIN_20240115_02_20_22_Pro (3).jpg,1920,1080,7,605,111,1107,804
WIN_20240115_02_20_22_Pro.jpg,1920,1080,7,694,129,1093,725
WIN_20240115_02_20_23_Pro (2).jpg,1920,1080,7,612,152,1154,867
WIN_20240115_02_20_23_Pro.jpg,1920,1080,7,648,150,1177,816
WIN_20240115_02_20_24_Pro (2).jpg,1920,1080,7,672,100,1223,831
WIN_20240115_02_20_24_Pro.jpg,1920,1080,7,648,151,1204,839
WIN_20240115_02_20_25_Pro (2).jpg,1920,1080,7,675,115,1240,872
WIN_20240115_02_20_25_Pro (3).jpg,1920,1080,7,703,71,1255,882
WIN_20240115_02_20_25_Pro.jpg,1920,1080,7,652,124,1208,856
WIN_20240115_02_20_26_Pro (2).jpg,1920,1080,7,729,142,1284,861
WIN_20240115_02_20_26_Pro.jpg,1920,1080,7,654,87,1238,862
WIN_20240115_02_20_27_Pro (2).jpg,1920,1080,7,673,182,1223,926
WIN_20240115_02_20_27_Pro.jpg,1920,1080,7,687,110,1248,839
WIN_20240115_02_20_28_Pro (2).jpg,1920,1080,7,982,60,1558,884
WIN_20240115_02_20_28_Pro (3).jpg,1920,1080,7,1012,49,1645,957
WIN_20240115_02_20_29_Pro (2).jpg,1920,1080,7,1073,2,1702,945
WIN_20240115_02_20_29_Pro.jpg,1920,1080,7,1079,37,1702,911
WIN_20240115_02_20_30_Pro (2).jpg,1920,1080,7,785,116,1544,982
WIN_20240115_02_20_30_Pro.jpg,1920,1080,7,934,34,1680,914
WIN_20240115_02_20_31_Pro (2).jpg,1920,1080,7,604,64,1242,984
WIN_20240115_02_20_31_Pro.jpg,1920,1080,7,745,107,1434,1041
WIN_20240115_02_20_37_Pro.jpg,1920,1080,7,384,146,949,850
WIN_20240115_02_20_38_Pro (2).jpg,1920,1080,7,414,174,914,841
WIN_20240115_02_20_38_Pro.jpg,1920,1080,7,450,206,937,841
WIN_20240115_02_20_39_Pro (2).jpg,1920,1080,7,595,152,1038,876
WIN_20240115_02_20_39_Pro.jpg,1920,1080,7,368,84,910,851
WIN_20240115_02_20_40_Pro (2).jpg,1920,1080,7,588,175,1082,946
WIN_20240115_02_20_40_Pro.jpg,1920,1080,7,573,119,1183,897
WIN_20240115_02_20_41_Pro (2).jpg,1920,1080,7,623,180,1142,892
WIN_20240115_02_20_41_Pro.jpg,1920,1080,7,657,219,1152,880
WIN_20240115_02_20_42_Pro (2).jpg,1920,1080,7,688,152,1232,885
WIN_20240115_02_20_42_Pro.jpg,1920,1080,7,635,161,1222,850
WIN_20240115_02_20_43_Pro (2).jpg,1920,1080,7,482,90,1030,819
WIN_20240115_02_20_43_Pro.jpg,1920,1080,7,622,150,1220,882
WIN_20240115_02_20_44_Pro (2).jpg,1920,1080,7,457,56,1072,825
WIN_20240115_02_20_44_Pro (3).jpg,1920,1080,7,437,62,1057,892
WIN_20240115_02_20_44_Pro.jpg,1920,1080,7,383,85,1077,957
WIN_20240115_02_20_45_Pro (2).jpg,1920,1080,7,368,5,1042,897
WIN_20240115_02_20_45_Pro.jpg,1920,1080,7,379,1,1024,915
WIN_20240115_02_20_46_Pro (2).jpg,1920,1080,7,344,1,1044,807
WIN_20240115_02_20_46_Pro (3).jpg,1920,1080,7,392,4,1084,869
WIN_20240115_02_20_46_Pro.jpg,1920,1080,7,364,6,1074,852
WIN_20240115_02_22_04_Pro (2).jpg,1920,1080,8,663,65,1245,807
WIN_20240115_02_22_04_Pro.jpg,1920,1080,8,628,4,1265,772
WIN_20240115_02_22_05_Pro (2).jpg,1920,1080,8,747,132,1259,705
WIN_20240115_02_22_05_Pro.jpg,1920,1080,8,763,107,1260,767
WIN_20240115_02_22_06_Pro (2).jpg,1920,1080,8,769,97,1257,797
WIN_20240115_02_22_06_Pro.jpg,1920,1080,8,787,86,1235,795
WIN_20240115_02_22_07_Pro (2).jpg,1920,1080,8,830,117,1313,725
WIN_20240115_02_22_07_Pro (3).jpg,1920,1080,8,857,101,1302,742
WIN_20240115_02_22_07_Pro.jpg,1920,1080,8,819,147,1249,735
WIN_20240115_02_22_08_Pro (2).jpg,1920,1080,8,842,135,1314,706
WIN_20240115_02_22_08_Pro.jpg,1920,1080,8,847,126,1289,719
WIN_20240115_02_22_09_Pro (2).jpg,1920,1080,8,832,135,1292,761
WIN_20240115_02_22_09_Pro.jpg,1920,1080,8,810,144,1300,780
WIN_20240115_02_22_10_Pro (2).jpg,1920,1080,8,815,139,1255,754
WIN_20240115_02_22_10_Pro.jpg,1920,1080,8,820,116,1278,769
WIN_20240115_02_22_11_Pro (2).jpg,1920,1080,8,745,155,1155,756
WIN_20240115_02_22_11_Pro.jpg,1920,1080,8,800,155,1212,742
WIN_20240115_02_22_12_Pro (2).jpg,1920,1080,8,722,77,1208,766
WIN_20240115_02_22_12_Pro.jpg,1920,1080,8,722,126,1223,771
WIN_20240115_02_22_13_Pro (2).jpg,1920,1080,8,875,25,1464,791
WIN_20240115_02_22_14_Pro (2).jpg,1920,1080,8,898,2,1479,722
WIN_20240115_02_22_14_Pro (3).jpg,1920,1080,8,868,1,1545,701
WIN_20240115_02_22_14_Pro.jpg,1920,1080,8,889,7,1512,742
WIN_20240115_02_22_17_Pro (2).jpg,1920,1080,8,924,54,1459,742
WIN_20240115_02_22_18_Pro.jpg,1920,1080,8,913,112,1405,804
WIN_20240115_02_22_19_Pro.jpg,1920,1080,8,998,211,1419,855
WIN_20240115_02_22_20_Pro (2).jpg,1920,1080,8,947,334,1424,961
WIN_20240115_02_22_20_Pro (3).jpg,1920,1080,8,950,356,1415,910
WIN_20240115_02_22_20_Pro.jpg,1920,1080,8,997,339,1440,904
WIN_20240115_02_22_21_Pro (2).jpg,1920,1080,8,1007,327,1430,904
WIN_20240115_02_22_21_Pro.jpg,1920,1080,8,975,355,1429,952
WIN_20240115_02_22_22_Pro.jpg,1920,1080,8,938,356,1350,916
WIN_20240115_02_22_23_Pro (2).jpg,1920,1080,8,930,320,1380,939
WIN_20240115_02_22_23_Pro.jpg,1920,1080,8,948,317,1409,887
WIN_20240115_02_22_24_Pro.jpg,1920,1080,8,895,350,1359,930
WIN_20240115_02_22_25_Pro (2).jpg,1920,1080,8,955,375,1465,926
WIN_20240115_02_22_25_Pro.jpg,1920,1080,8,949,375,1427,940
WIN_20240115_02_22_26_Pro (2).jpg,1920,1080,8,958,360,1469,924
WIN_20240115_02_22_26_Pro.jpg,1920,1080,8,978,344,1449,917
WIN_20240115_02_22_28_Pro (2).jpg,1920,1080,8,904,279,1313,792
WIN_20240115_02_22_28_Pro.jpg,1920,1080,8,923,277,1365,851
WIN_20240115_02_22_29_Pro (2).jpg,1920,1080,8,950,296,1393,879
WIN_20240115_02_22_29_Pro.jpg,1920,1080,8,953,314,1315,840
WIN_20240115_02_22_30_Pro (2).jpg,1920,1080,8,975,266,1409,764
WIN_20240115_02_22_30_Pro.jpg,1920,1080,8,942,289,1342,831
WIN_20240115_02_22_31_Pro (2).jpg,1920,1080,8,1102,110,1494,756
WIN_20240115_02_22_33_Pro.jpg,1920,1080,8,1063,201,1604,812
WIN_20240115_02_22_34_Pro (2).jpg,1920,1080,8,997,110,1584,817
WIN_20240115_02_22_34_Pro.jpg,1920,1080,8,947,135,1550,806
WIN_20240115_02_22_35_Pro (2).jpg,1920,1080,8,989,109,1569,896
WIN_20240115_02_22_35_Pro.jpg,1920,1080,8,988,144,1539,846
WIN_20240115_02_22_36_Pro (2).jpg,1920,1080,8,955,56,1503,724
WIN_20240115_02_22_36_Pro.jpg,1920,1080,8,974,64,1497,777
WIN_20240115_02_22_37_Pro.jpg,1920,1080,8,840,111,1380,807
WIN_20240115_02_22_38_Pro (2).jpg,1920,1080,8,760,56,1420,912
WIN_20240115_02_22_38_Pro.jpg,1920,1080,8,805,97,1418,865
WIN_20240115_02_22_39_Pro (2).jpg,1920,1080,8,868,104,1425,887
WIN_20240115_02_22_39_Pro.jpg,1920,1080,8,760,121,1473,985
WIN_20240115_02_22_40_Pro (2).jpg,1920,1080,8,848,137,1384,815
WIN_20240115_02_22_40_Pro.jpg,1920,1080,8,873,157,1413,799
WIN_20240115_02_22_41_Pro.jpg,1920,1080,8,937,110,1480,781
WIN_20240115_02_22_46_Pro.jpg,1920,1080,8,470,110,1013,779
WIN_20240115_02_22_48_Pro (2).jpg,1920,1080,8,517,12,983,699
WIN_20240115_02_22_48_Pro.jpg,1920,1080,8,530,2,1033,689
WIN_20240115_02_22_49_Pro (2).jpg,1920,1080,8,472,9,1005,690
WIN_20240115_02_22_49_Pro.jpg,1920,1080,8,467,34,1005,702
WIN_20240115_02_22_50_Pro (2).jpg,1920,1080,8,489,25,1018,700
WIN_20240115_02_22_50_Pro.jpg,1920,1080,8,475,12,992,726
WIN_20240115_02_22_51_Pro (2).jpg,1920,1080,8,523,25,1113,760
WIN_20240115_02_22_51_Pro.jpg,1920,1080,8,527,40,1073,756
WIN_20240115_02_22_52_Pro (2).jpg,1920,1080,8,515,32,1230,830
WIN_20240115_02_22_52_Pro.jpg,1920,1080,8,549,34,1179,837
WIN_20240115_02_22_53_Pro (2).jpg,1920,1080,8,484,1,1294,809
WIN_20240115_02_22_53_Pro (3).jpg,1920,1080,8,607,169,1188,860
WIN_20240115_02_22_54_Pro.jpg,1920,1080,8,645,240,1149,856
WIN_20240115_02_22_55_Pro (2).jpg,1920,1080,8,514,231,875,817
WIN_20240115_02_22_55_Pro.jpg,1920,1080,8,600,235,1090,845
WIN_20240115_02_22_56_Pro (2).jpg,1920,1080,8,370,199,858,822
WIN_20240115_02_22_56_Pro.jpg,1920,1080,8,373,231,885,844
WIN_20240115_02_22_57_Pro.jpg,1920,1080,8,347,224,807,790
WIN_20240115_02_22_58_Pro (2).jpg,1920,1080,8,440,230,919,785
WIN_20240115_02_22_58_Pro.jpg,1920,1080,8,450,204,862,845
WIN_20240115_02_22_59_Pro (2).jpg,1920,1080,8,418,234,898,821
WIN_20240115_02_22_59_Pro.jpg,1920,1080,8,427,210,958,839
WIN_20240115_02_23_00_Pro.jpg,1920,1080,8,640,167,1170,722
WIN_20240115_02_23_01_Pro.jpg,1920,1080,8,590,200,1198,800
WIN_20240115_02_23_02_Pro (2).jpg,1920,1080,8,582,210,1112,761
WIN_20240115_02_23_02_Pro.jpg,1920,1080,8,607,195,1148,770
WIN_20240115_02_23_03_Pro.jpg,1920,1080,8,520,232,1025,771
WIN_20240115_02_23_04_Pro (2).jpg,1920,1080,8,585,216,1080,876
WIN_20240115_02_23_04_Pro.jpg,1920,1080,8,580,212,1094,851
WIN_20240115_02_23_05_Pro.jpg,1920,1080,8,578,190,1092,845
WIN_20240115_02_25_11_Pro (2).jpg,1920,1080,9,523,86,1197,892
WIN_20240115_02_25_11_Pro.jpg,1920,1080,9,562,59,1235,914
WIN_20240115_02_25_12_Pro (2).jpg,1920,1080,9,639,65,1269,849
WIN_20240115_02_25_12_Pro.jpg,1920,1080,9,572,45,1233,865
WIN_20240115_02_25_13_Pro (2).jpg,1920,1080,9,578,47,1115,842
WIN_20240115_02_25_13_Pro.jpg,1920,1080,9,594,84,1165,851
WIN_20240115_02_25_14_Pro (2).jpg,1920,1080,9,598,64,1095,824
WIN_20240115_02_25_14_Pro.jpg,1920,1080,9,577,54,1142,854
WIN_20240115_02_25_15_Pro (2).jpg,1920,1080,9,479,74,1062,786
WIN_20240115_02_25_15_Pro.jpg,1920,1080,9,490,37,1044,794
WIN_20240115_02_25_16_Pro.jpg,1920,1080,9,485,125,1034,851
WIN_20240115_02_25_17_Pro (2).jpg,1920,1080,9,442,170,879,811
WIN_20240115_02_25_17_Pro (3).jpg,1920,1080,9,433,152,904,791
WIN_20240115_02_25_17_Pro.jpg,1920,1080,9,404,132,954,856
WIN_20240115_02_25_18_Pro.jpg,1920,1080,9,415,181,945,869
WIN_20240115_02_25_19_Pro (2).jpg,1920,1080,9,397,195,948,822
WIN_20240115_02_25_19_Pro.jpg,1920,1080,9,418,215,925,812
WIN_20240115_02_25_20_Pro (2).jpg,1920,1080,9,454,212,967,832
WIN_20240115_02_25_20_Pro.jpg,1920,1080,9,417,167,900,805
WIN_20240115_02_25_21_Pro (2).jpg,1920,1080,9,510,99,1074,782
WIN_20240115_02_25_21_Pro.jpg,1920,1080,9,492,126,1132,817
WIN_20240115_02_25_22_Pro (2).jpg,1920,1080,9,583,11,1173,810
WIN_20240115_02_25_22_Pro.jpg,1920,1080,9,563,64,1140,809
WIN_20240115_02_25_23_Pro (2).jpg,1920,1080,9,600,7,1169,771
WIN_20240115_02_25_23_Pro.jpg,1920,1080,9,605,21,1133,761
WIN_20240115_02_25_31_Pro (2).jpg,1920,1080,9,563,45,1157,862
WIN_20240115_02_25_31_Pro.jpg,1920,1080,9,533,22,1155,824
WIN_20240115_02_25_32_Pro (2).jpg,1920,1080,9,473,52,1092,874
WIN_20240115_02_25_32_Pro.jpg,1920,1080,9,494,14,1124,852
WIN_20240115_02_25_33_Pro.jpg,1920,1080,9,487,34,1080,792
WIN_20240115_02_25_38_Pro.jpg,1920,1080,9,464,79,1119,912
WIN_20240115_02_25_39_Pro (2).jpg,1920,1080,9,550,11,1060,796
WIN_20240115_02_25_39_Pro.jpg,1920,1080,9,404,59,1023,874
WIN_20240115_02_25_40_Pro (2).jpg,1920,1080,9,497,44,979,805
WIN_20240115_02_25_40_Pro.jpg,1920,1080,9,430,22,965,766
WIN_20240115_02_25_41_Pro (2).jpg,1920,1080,9,534,259,974,939
WIN_20240115_02_25_41_Pro.jpg,1920,1080,9,559,267,1059,904
WIN_20240115_02_25_42_Pro.jpg,1920,1080,9,525,210,977,871
WIN_20240115_02_25_45_Pro (2).jpg,1920,1080,9,823,159,1405,884
WIN_20240115_02_25_45_Pro (3).jpg,1920,1080,9,873,136,1447,812
WIN_20240115_02_25_45_Pro.jpg,1920,1080,9,660,189,1244,815
WIN_20240115_02_25_46_Pro.jpg,1920,1080,9,872,37,1497,764
WIN_20240115_02_25_51_Pro (2).jpg,1920,1080,9,798,25,1302,694
WIN_20240115_02_25_51_Pro (3).jpg,1920,1080,9,830,15,1367,756
WIN_20240115_02_25_51_Pro.jpg,1920,1080,9,613,80,1144,749
WIN_20240115_02_25_54_Pro (2).jpg,1920,1080,9,917,2,1458,767
WIN_20240115_02_25_58_Pro.jpg,1920,1080,9,709,69,1410,866
WIN_20240115_02_25_59_Pro.jpg,1920,1080,9,643,4,1208,812
WIN_20240115_02_26_01_Pro.jpg,1920,1080,9,650,135,1198,919
WIN_20240115_02_26_02_Pro (2).jpg,1920,1080,9,640,82,1163,839
WIN_20240115_02_26_02_Pro.jpg,1920,1080,9,653,99,1124,839
WIN_20240115_02_26_03_Pro (2).jpg,1920,1080,9,613,96,1123,787
WIN_20240115_02_26_03_Pro.jpg,1920,1080,9,594,71,1119,865
WIN_20240115_02_26_04_Pro.jpg,1920,1080,9,615,91,1139,829
WIN_20240115_02_26_05_Pro (2).jpg,1920,1080,9,667,82,1184,817
WIN_20240115_02_26_05_Pro.jpg,1920,1080,9,633,74,1180,810
WIN_20240115_02_26_06_Pro (2).jpg,1920,1080,9,989,160,1527,841
WIN_20240115_02_26_07_Pro.jpg,1920,1080,9,899,150,1407,866
WIN_20240115_02_26_08_Pro (2).jpg,1920,1080,9,675,187,1237,912
WIN_20240115_02_26_08_Pro.jpg,1920,1080,9,767,166,1288,855
WIN_20240115_02_26_09_Pro (2).jpg,1920,1080,9,725,171,1295,956
WIN_20240115_02_26_09_Pro.jpg,1920,1080,9,743,161,1330,872
WIN_20240115_02_26_10_Pro (2).jpg,1920,1080,9,670,194,1293,861
WIN_20240115_02_26_10_Pro (3).jpg,1920,1080,9,635,190,1260,942
WIN_20240115_02_26_10_Pro.jpg,1920,1080,9,670,197,1305,921
WIN_20240115_02_26_11_Pro (2).jpg,1920,1080,9,613,229,1238,905
WIN_20240115_02_27_38_Pro.jpg,1920,1080,10,307,204,938,767
WIN_20240115_02_27_39_Pro.jpg,1920,1080,10,253,256,923,795
WIN_20240115_02_27_50_Pro (2).jpg,1920,1080,10,487,191,1095,819
WIN_20240115_02_27_50_Pro (3).jpg,1920,1080,10,522,287,1014,851
WIN_20240115_02_27_50_Pro.jpg,1920,1080,10,317,110,1225,950
WIN_20240115_02_27_51_Pro (2).jpg,1920,1080,10,500,297,905,819
WIN_20240115_02_27_51_Pro.jpg,1920,1080,10,499,294,968,804
WIN_20240115_02_27_52_Pro (2).jpg,1920,1080,10,493,276,949,817
WIN_20240115_02_27_52_Pro.jpg,1920,1080,10,503,265,988,752
WIN_20240115_02_27_53_Pro (2).jpg,1920,1080,10,482,276,950,797
WIN_20240115_02_27_53_Pro (3).jpg,1920,1080,10,458,284,948,769
WIN_20240115_02_27_53_Pro.jpg,1920,1080,10,477,287,923,770
WIN_20240115_02_27_54_Pro (2).jpg,1920,1080,10,522,265,958,794
WIN_20240115_02_27_55_Pro (2).jpg,1920,1080,10,564,269,988,761
WIN_20240115_02_27_55_Pro.jpg,1920,1080,10,505,264,977,767
WIN_20240115_02_27_56_Pro (2).jpg,1920,1080,10,577,250,1047,789
WIN_20240115_02_27_56_Pro.jpg,1920,1080,10,543,240,1054,726
WIN_20240115_02_28_01_Pro (2).jpg,1920,1080,10,408,317,790,834
WIN_20240115_02_28_01_Pro.jpg,1920,1080,10,494,281,919,796
WIN_20240115_02_28_03_Pro (2).jpg,1920,1080,10,533,242,934,755
WIN_20240115_02_28_03_Pro.jpg,1920,1080,10,468,261,1018,791
WIN_20240115_02_28_04_Pro (2).jpg,1920,1080,10,502,247,970,794
WIN_20240115_02_28_04_Pro.jpg,1920,1080,10,515,235,928,795
WIN_20240115_02_28_05_Pro (2).jpg,1920,1080,10,464,270,953,760
WIN_20240115_02_28_05_Pro.jpg,1920,1080,10,465,257,894,806
WIN_20240115_02_28_06_Pro (2).jpg,1920,1080,10,472,250,853,760
WIN_20240115_02_28_08_Pro.jpg,1920,1080,10,478,244,923,836
WIN_20240115_02_28_09_Pro (2).jpg,1920,1080,10,487,240,957,785
WIN_20240115_02_28_09_Pro.jpg,1920,1080,10,522,287,968,784
WIN_20240115_02_28_10_Pro.jpg,1920,1080,10,442,226,952,801
WIN_20240115_02_28_11_Pro (2).jpg,1920,1080,10,483,239,957,777
WIN_20240115_02_28_11_Pro.jpg,1920,1080,10,488,240,945,796
WIN_20240115_02_28_12_Pro (2).jpg,1920,1080,10,510,257,965,769
WIN_20240115_02_28_12_Pro.jpg,1920,1080,10,475,237,963,837
WIN_20240115_02_28_13_Pro (2).jpg,1920,1080,10,513,282,990,837
WIN_20240115_02_28_13_Pro.jpg,1920,1080,10,523,254,985,800
WIN_20240115_02_28_15_Pro.jpg,1920,1080,10,450,259,948,807
WIN_20240115_02_28_16_Pro (2).jpg,1920,1080,10,490,245,920,712
WIN_20240115_02_28_16_Pro.jpg,1920,1080,10,529,245,982,782
WIN_20240115_02_28_17_Pro (2).jpg,1920,1080,10,495,254,924,836
WIN_20240115_02_28_17_Pro.jpg,1920,1080,10,492,252,973,780
WIN_20240115_02_28_18_Pro.jpg,1920,1080,10,510,264,969,792
WIN_20240115_02_28_21_Pro (2).jpg,1920,1080,10,495,250,923,825
WIN_20240115_02_28_21_Pro.jpg,1920,1080,10,467,249,925,810
WIN_20240115_02_28_22_Pro.jpg,1920,1080,10,439,246,963,851
WIN_20240115_02_28_23_Pro (2).jpg,1920,1080,10,483,282,895,792
WIN_20240115_02_28_23_Pro.jpg,1920,1080,10,475,274,873,805
WIN_20240115_02_28_24_Pro.jpg,1920,1080,10,450,277,872,842
WIN_20240115_02_28_25_Pro (2).jpg,1920,1080,10,443,264,894,847
WIN_20240115_02_28_25_Pro.jpg,1920,1080,10,447,246,895,860
WIN_20240115_02_28_26_Pro (2).jpg,1920,1080,10,480,280,885,815
WIN_20240115_02_28_26_Pro.jpg,1920,1080,10,417,267,932,837
WIN_20240115_02_28_27_Pro (2).jpg,1920,1080,10,447,259,908,820
WIN_20240115_02_28_27_Pro.jpg,1920,1080,10,465,251,895,811
WIN_20240115_02_28_28_Pro (2).jpg,1920,1080,10,399,244,852,826
WIN_20240115_02_28_28_Pro.jpg,1920,1080,10,397,260,897,830
WIN_20240115_02_28_29_Pro.jpg,1920,1080,10,490,270,918,824
WIN_20240115_02_28_30_Pro.jpg,1920,1080,10,477,264,949,844
